Title,Artists
Rockin' Around The Christmas Tree,Brenda Lee
All I Want For Christmas Is You,Mariah Carey
Jingle Bell Rock,Bobby Helms
Last Christmas,Wham!
A Holly Jolly Christmas,Burl Ives
It's The Most Wonderful Time Of The Year,Andy Williams
"Let It Snow, Let It Snow, Let It Snow!",Dean Martin
Feliz Navidad,Jose Feliciano
Lovin On Me,Jack Harlow
Sleigh Ride,The Ronettes
Santa Tell Me,Ariana Grande
The Christmas Song (Merry Christmas To You),"Nat ""King"" Cole"
Underneath The Tree,Kelly Clarkson
White Christmas,Bing Crosby With Ken Darby Singers & John Scott Trotter & His Orchestra
Christmas (Baby Please Come Home),Darlene Love
Jingle Bells,Frank Sinatra With The Orchestra & Chorus Of Gordon Jenkins
Deck The Halls,Nat King Cole
Blue Christmas,Elvis Presley
Cruel Summer,Taylor Swift
Santa Baby,Eartha Kitt With Henri Rene And His Orchestra
Here Comes Santa Claus (Right Down Santa Claus Lane),Gene Autry
Run Rudolph Run,Chuck Berry
It's Beginning To Look A Lot Like Christmas,Michael Buble
Greedy,Tate McRae
Little Saint Nick,The Beach Boys
Wonderful Christmastime,Paul McCartney
It's Beginning To Look A Lot Like Christmas,Perry Como And The Fontane Sisters With Mitchell Ayres And His Orchestra
Please Come Home For Christmas,Eagles
Paint The Town Red,Doja Cat
Santa Claus Is Comin' To Town,Jackson 5
I Remember Everything,Zach Bryan Featuring Kacey Musgraves
Water,Tyla
"You're A Mean One, Mr. Grinch",Thurl Ravenscroft
This Christmas,Donny Hathaway
Agora Hills,Doja Cat
Last Night,Morgan Wallen
Mistletoe,Justin Bieber
Happy Holiday / The Holiday Season,Andy Williams
Christmastime Is Here,Vince Guaraldi Trio
Like It's Christmas,Jonas Brothers
Have Yourself A Merry Little Christmas,Michael Buble
Happy Xmas (War Is Over),John & Yoko/The Plastic Ono Band With The Harlem Community Choir
I Saw Mommy Kissing Santa Claus,Jackson 5
Thinkin' Bout Me,Morgan Wallen
Rudolph The Red-Nosed Reindeer,Gene Autry & The Pinafores
Merry Christmas,Ed Sheeran & Elton John
Fast Car,Luke Combs
Lose Control,Teddy Swims
Is It Over Now? (Taylor's Version) [From The Vault],Taylor Swift
(There's No Place Like) Home For The Holidays (1954),Perry Como With Mitchell Ayers And His Orchestra
Lil Boo Thang,Paul Russell
Rich Baby Daddy,Drake Featuring Sexyy Red & SZA
FTCU,Nicki Minaj
Stick Season,Noah Kahan
Everybody,Nicki Minaj Featuring Lil Uzi Vert
White Horse,Chris Stapleton
First Person Shooter,Drake Featuring J. Cole
Used To Be Young,Miley Cyrus
Houdini,Dua Lipa
Good Good,"Usher, Summer Walker & 21 Savage"
World On Fire,Nate Smith
La Diabla,Xavi
Pretty Little Poison,Warren Zeiders
On My Mama,Victoria Monet
My Love Mine All Mine,Mitski
Exes,Tate McRae
Surround Sound,JID Featuring 21 Savage & Baby Tate
Monaco,Bad Bunny
Strangers,Kenya Grace
You Broke My Heart,Drake
Get Him Back!,Olivia Rodrigo
IDGAF,Drake Featuring Yeat
Harley Quinn,Fuerza Regida & Marshmello
Wild Ones,Jessie Murph & Jelly Roll
Bellakeo,Peso Pluma & Anitta
Truck Bed,HARDY
Save Me The Trouble,Dan + Shay
Jingle Bells,Meghan Trainor
La Victima,Xavi
Where The Wild Things Are,Luke Combs
Qlona,Karol G & Peso Pluma
You're Losing Me (From The Vault),Taylor Swift
500lbs,Lil Tecca
The Painter,Cody Johnson
Never Lose Me,Flo Milli
Burn It Down,Parker McCollum
Winter Wonderland,Chloe
Segun Quien,Maluma & Carin Leon
Needle,Nicki Minaj Featuring Drake
DJ Play A Christmas Song,Cher
Mind On You,George Birge
Lace It,"Juice WRLD, Eminem & benny blanco"
Hey Driver,Zach Bryan Featuring The War And Treaty
Feather,Sabrina Carpenter
Can't Catch Me Now,Olivia Rodrigo
El Amor de Su Vida,Grupo Frontera & Grupo Firme
Standing Next To You,Jung Kook
Man Made A Bar,Morgan Wallen Featuring Eric Church
Que Onda,Calle 24 x Chino Pacas x Fuerza Regida
Great Gatsby,Rod Wave
